Timestamp,Boiler Name,Temperature,Anomaly
23-01-2023 00:58,Boiler A,20.18042818,0
30-01-2023 06:30,Boiler A,23.37294808,0
03-01-2023 10:47,Boiler A,29.85820801,0
03-01-2023 17:10,Boiler C,20.56403166,0
04-01-2023 17:50,Boiler D,23.54702425,0
13-01-2023 03:22,Boiler B,26.14881455,0
22-01-2023 04:43,Boiler C,16.40718289,0
03-01-2023 23:55,Boiler A,31.07220699,0
12-01-2023 09:46,Boiler D,26.31079022,0
13-01-2023 07:07,Boiler C,29.09158124,0
15-01-2023 08:13,Boiler A,17.73062416,0
18-01-2023 14:40,Boiler C,26.18678256,0
21-01-2023 00:54,Boiler A,28.56508939,0
10-01-2023 21:12,Boiler A,22.92348121,0
24-01-2023 19:58,Boiler C,28.57532505,0
22-01-2023 10:00,Boiler B,23.95641211,0
21-01-2023 16:31,Boiler D,33.84756855,0
23-01-2023 13:13,Boiler C,28.33142316,0
20-01-2023 01:32,Boiler A,21.24663341,0
08-01-2023 18:53,Boiler B,30.34398382,0
12-01-2023 22:21,Boiler D,27.70645504,0
01-01-2023 08:50,Boiler D,16.97315719,0
25-01-2023 13:22,Boiler A,23.75682152,0
06-01-2023 18:20,Boiler A,22.65661885,0
02-01-2023 09:14,Boiler B,20.99436151,0
06-01-2023 13:11,Boiler D,24.56602877,0
17-01-2023 15:45,Boiler A,24.21251128,0
09-01-2023 00:21,Boiler B,23.63517522,0
29-01-2023 06:48,Boiler D,26.8654213,0
17-01-2023 08:00,Boiler A,13.61619437,0
12-01-2023 19:36,Boiler C,35.14568077,0
19-01-2023 21:11,Boiler B,21.05728052,0
04-01-2023 21:41,Boiler A,28.03055626,0
21-01-2023 11:58,Boiler A,26.78704941,0
02-01-2023 02:49,Boiler A,24.41387509,0
24-01-2023 15:49,Boiler B,31.67375595,0
16-01-2023 05:58,Boiler D,25.76603174,0
05-01-2023 04:26,Boiler A,16.36557102,0
08-01-2023 03:37,Boiler D,25.79021736,0
13-01-2023 15:46,Boiler B,22.72400093,0
15-01-2023 16:52,Boiler C,31.8729973,0
21-01-2023 16:45,Boiler B,23.53926488,0
27-01-2023 21:43,Boiler A,21.583727,0
15-01-2023 23:49,Boiler A,23.17215568,0
10-01-2023 12:29,Boiler A,27.57061814,0
03-01-2023 21:20,Boiler B,31.82549989,0
09-01-2023 23:47,Boiler B,18.91977355,0
27-01-2023 02:07,Boiler C,25.13163054,0
12-01-2023 20:51,Boiler A,31.70084101,0
20-01-2023 17:19,Boiler C,19.35346358,0
15-01-2023 09:18,Boiler B,21.18212283,0
23-01-2023 22:01,Boiler B,22.08989049,0
15-01-2023 05:06,Boiler B,29.67245287,0
15-01-2023 23:05,Boiler C,28.1881409,0
04-01-2023 13:39,Boiler C,23.61675895,0
27-01-2023 04:14,Boiler C,15.0970956,0
12-01-2023 11:18,Boiler C,19.74460818,0
26-01-2023 06:25,Boiler C,15.97544943,0
22-01-2023 07:49,Boiler C,23.89111459,0
14-01-2023 17:58,Boiler A,32.87049755,0
02-01-2023 17:15,Boiler A,80.03774842,1
25-01-2023 10:18,Boiler C,30.48097293,0
04-01-2023 00:12,Boiler A,38.44042301,0
23-01-2023 01:54,Boiler A,26.20179355,0
29-01-2023 17:04,Boiler A,17.99799311,0
30-01-2023 08:03,Boiler D,14.08539666,0
04-01-2023 19:24,Boiler B,24.2217825,0
23-01-2023 05:59,Boiler D,30.13509693,0
09-01-2023 20:30,Boiler A,27.81744069,0
02-01-2023 19:14,Boiler C,33.57447583,0
07-01-2023 20:03,Boiler D,19.1238007,0
23-01-2023 00:09,Boiler C,20.78985345,0
27-01-2023 18:39,Boiler C,24.19953724,0
20-01-2023 18:32,Boiler C,17.49647242,0
15-01-2023 14:33,Boiler A,28.75460725,0
11-01-2023 04:06,Boiler A,24.3999846,0
04-01-2023 02:54,Boiler B,26.48313889,0
23-01-2023 15:02,Boiler A,17.55605473,0
17-01-2023 14:29,Boiler A,28.54937089,0
18-01-2023 07:33,Boiler D,23.95602234,0
21-01-2023 08:19,Boiler C,23.69707325,0
07-01-2023 17:50,Boiler A,94.0075007,1
06-01-2023 04:24,Boiler D,29.2642555,0
03-01-2023 19:26,Boiler C,31.30663548,0
30-01-2023 02:07,Boiler C,30.79153081,0
25-01-2023 21:39,Boiler C,27.25386285,0
25-01-2023 20:41,Boiler C,25.34069787,0
11-01-2023 20:11,Boiler C,26.92522219,0
27-01-2023 04:47,Boiler A,20.30723454,0
07-01-2023 19:34,Boiler A,25.28811832,0
28-01-2023 18:06,Boiler D,17.07886211,0
30-01-2023 12:45,Boiler A,29.27300012,0
13-01-2023 20:14,Boiler C,32.0428882,0
25-01-2023 20:11,Boiler C,28.69945678,0
25-01-2023 23:28,Boiler D,26.90834985,0
30-01-2023 06:59,Boiler B,23.57366756,0
13-01-2023 09:26,Boiler B,26.30230834,0
23-01-2023 02:23,Boiler B,26.71169414,0
18-01-2023 15:14,Boiler C,32.00119787,0
11-01-2023 16:50,Boiler C,29.35016212,0
14-01-2023 04:04,Boiler B,27.43630435,0
30-01-2023 06:34,Boiler D,19.43378763,0
19-01-2023 05:40,Boiler A,18.18288917,0
15-01-2023 17:14,Boiler A,28.73457763,0
25-01-2023 17:57,Boiler B,19.08413354,0
12-01-2023 19:17,Boiler A,31.58743863,0
25-01-2023 14:11,Boiler C,24.32796795,0
04-01-2023 15:21,Boiler C,24.38419501,0
14-01-2023 22:10,Boiler C,22.28205235,0
29-01-2023 15:44,Boiler D,22.83003218,0
18-01-2023 06:40,Boiler C,19.83372383,0
21-01-2023 05:21,Boiler B,22.82289596,0
23-01-2023 03:03,Boiler D,19.50173515,0
02-01-2023 03:35,Boiler D,21.60528533,0
14-01-2023 06:19,Boiler A,19.38728618,0
22-01-2023 05:09,Boiler B,30.54798882,0
15-01-2023 06:11,Boiler D,27.65590097,0
20-01-2023 22:51,Boiler B,88.68052433,1
02-01-2023 12:20,Boiler B,82.41640159,1
01-01-2023 10:14,Boiler D,33.19255442,0
08-01-2023 10:53,Boiler D,21.73958695,0
14-01-2023 01:41,Boiler A,23.55555127,0
07-01-2023 19:29,Boiler A,18.72193429,0
01-01-2023 21:39,Boiler A,18.36764147,0
25-01-2023 00:28,Boiler A,23.19664275,0
03-01-2023 10:29,Boiler D,18.3243095,0
07-01-2023 14:15,Boiler D,18.038244,0
22-01-2023 20:16,Boiler B,29.60045619,0
24-01-2023 20:44,Boiler B,29.67073366,0
23-01-2023 21:00,Boiler C,29.86145807,0
26-01-2023 11:37,Boiler C,23.90702781,0
15-01-2023 09:07,Boiler A,15.86832778,0
29-01-2023 05:49,Boiler D,25.19593939,0
06-01-2023 01:42,Boiler D,29.83599149,0
01-01-2023 07:12,Boiler A,12.23832591,0
22-01-2023 04:40,Boiler A,31.24163501,0
12-01-2023 14:03,Boiler C,27.71271879,0
15-01-2023 01:19,Boiler D,28.82569221,0
05-01-2023 03:41,Boiler A,40.41395587,1
06-01-2023 03:43,Boiler A,26.93134501,0
26-01-2023 09:45,Boiler A,18.49048367,0
05-01-2023 10:04,Boiler D,24.56882581,0
03-01-2023 11:56,Boiler A,19.39274753,0
21-01-2023 17:41,Boiler D,27.02642023,0
14-01-2023 18:28,Boiler B,78.08339125,1
15-01-2023 03:50,Boiler C,22.8278975,0
09-01-2023 06:53,Boiler D,35.09818509,0
18-01-2023 01:24,Boiler D,15.1609404,0
15-01-2023 21:08,Boiler D,33.04767288,0
30-01-2023 06:53,Boiler C,25.67855186,0
11-01-2023 17:46,Boiler D,13.07536964,0
06-01-2023 19:43,Boiler C,21.07578045,0
29-01-2023 17:35,Boiler D,25.79775782,0
26-01-2023 23:23,Boiler A,26.31574189,0
05-01-2023 17:11,Boiler D,30.38815306,0
10-01-2023 23:35,Boiler C,18.42963175,0
25-01-2023 06:02,Boiler A,31.42119554,0
24-01-2023 17:59,Boiler B,28.01788261,0
22-01-2023 01:03,Boiler A,30.80764742,0
30-01-2023 22:53,Boiler D,31.73372054,0
19-01-2023 00:00,Boiler C,25.26983911,0
30-01-2023 06:22,Boiler B,24.22711582,0
28-01-2023 20:03,Boiler A,24.55220133,0
21-01-2023 05:45,Boiler D,25.03096589,0
02-01-2023 07:02,Boiler D,30.81125099,0
23-01-2023 00:58,Boiler C,31.83323245,0
22-01-2023 23:45,Boiler D,21.8289255,0
11-01-2023 20:52,Boiler A,26.75437649,0
13-01-2023 06:57,Boiler A,22.37705096,0
15-01-2023 00:14,Boiler B,19.82755899,0
19-01-2023 10:34,Boiler D,28.66225279,0
21-01-2023 14:49,Boiler D,16.66661726,0
01-01-2023 21:58,Boiler D,26.70688298,0
15-01-2023 06:48,Boiler A,25.04693359,0
24-01-2023 00:38,Boiler A,24.90386438,0
13-01-2023 14:44,Boiler D,26.73698055,0
02-01-2023 08:24,Boiler C,17.76577482,0
17-01-2023 05:05,Boiler A,24.31632043,0
27-01-2023 17:18,Boiler D,25.85557455,0
26-01-2023 05:08,Boiler B,32.04525572,0
02-01-2023 15:47,Boiler B,26.55642927,0
10-01-2023 21:41,Boiler C,29.5638949,0
26-01-2023 12:15,Boiler A,26.0945423,0
24-01-2023 19:26,Boiler D,22.35807372,0
03-01-2023 10:28,Boiler A,17.76765948,0
27-01-2023 17:50,Boiler B,28.44134497,0
30-01-2023 20:46,Boiler D,23.47142649,0
10-01-2023 17:23,Boiler B,33.57019651,0
04-01-2023 07:02,Boiler C,24.38236488,0
01-01-2023 14:35,Boiler C,22.489222,0
26-01-2023 02:49,Boiler C,23.40884282,0
01-01-2023 01:26,Boiler D,25.7084939,0
02-01-2023 06:48,Boiler D,25.12063944,0
30-01-2023 14:23,Boiler C,22.18763508,0
26-01-2023 05:33,Boiler B,20.40107928,0
06-01-2023 09:41,Boiler B,73.84094709,1
16-01-2023 18:18,Boiler A,21.54503957,0
29-01-2023 18:46,Boiler B,33.00167975,0
14-01-2023 14:31,Boiler A,25.04776876,0
25-01-2023 04:21,Boiler D,25.25821193,0
28-01-2023 11:18,Boiler A,32.20771323,0
17-01-2023 19:20,Boiler C,20.44124286,0
11-01-2023 03:55,Boiler B,23.03342986,0
03-01-2023 05:49,Boiler D,21.84776399,0
02-01-2023 13:19,Boiler B,21.89319821,0
16-01-2023 09:10,Boiler B,34.63104328,0
11-01-2023 13:31,Boiler D,20.52830943,0
08-01-2023 06:54,Boiler C,25.75608572,0
05-01-2023 11:35,Boiler C,22.34493031,0
24-01-2023 14:56,Boiler A,23.97774085,0
20-01-2023 17:12,Boiler D,26.06004755,0
19-01-2023 12:22,Boiler A,27.65667461,0
14-01-2023 11:23,Boiler C,32.88604157,0
21-01-2023 11:20,Boiler C,33.14048227,0
07-01-2023 15:47,Boiler B,23.58222825,0
24-01-2023 09:50,Boiler D,23.55751884,0
06-01-2023 22:16,Boiler B,25.20313003,0
26-01-2023 21:26,Boiler C,23.35252695,0
24-01-2023 09:45,Boiler B,31.43971712,0
30-01-2023 11:49,Boiler C,24.21734863,0
21-01-2023 17:32,Boiler D,29.57881737,0
27-01-2023 03:01,Boiler A,39.78777927,0
03-01-2023 04:12,Boiler D,18.11597762,0
26-01-2023 18:39,Boiler B,31.71453114,0
17-01-2023 14:22,Boiler D,26.56169221,0
24-01-2023 23:15,Boiler C,27.50855441,0
14-01-2023 08:19,Boiler D,21.00160366,0
22-01-2023 03:35,Boiler D,29.93668769,0
14-01-2023 00:28,Boiler D,23.64334387,0
23-01-2023 03:25,Boiler B,25.75149015,0
06-01-2023 10:38,Boiler C,22.78412174,0
07-01-2023 09:24,Boiler C,22.84189797,0
20-01-2023 13:24,Boiler A,23.36429381,0
15-01-2023 10:21,Boiler D,26.12515758,0
23-01-2023 01:16,Boiler B,6.250804259,0
16-01-2023 05:44,Boiler C,32.77547177,0
11-01-2023 00:50,Boiler C,24.75141684,0
21-01-2023 23:21,Boiler C,28.53290635,0
29-01-2023 01:07,Boiler D,23.77377108,0
16-01-2023 05:14,Boiler C,30.21098815,0
09-01-2023 15:56,Boiler B,12.47605301,0
20-01-2023 02:19,Boiler D,24.016936,0
11-01-2023 10:18,Boiler D,15.52721345,0
15-01-2023 22:15,Boiler C,27.30265893,0
16-01-2023 20:18,Boiler C,23.22134168,0
11-01-2023 19:36,Boiler D,29.05301059,0
21-01-2023 02:24,Boiler D,19.87766806,0
26-01-2023 12:28,Boiler D,31.91204876,0
28-01-2023 13:36,Boiler D,28.83515527,0
12-01-2023 21:00,Boiler A,24.02174867,0
03-01-2023 14:40,Boiler C,33.38947703,0
30-01-2023 09:28,Boiler C,31.01243976,0
19-01-2023 12:50,Boiler D,15.1492485,0
17-01-2023 22:34,Boiler A,23.38750614,0
29-01-2023 07:46,Boiler D,23.3496673,0
23-01-2023 07:34,Boiler B,23.91329139,0
27-01-2023 16:14,Boiler D,23.97687747,0
21-01-2023 02:55,Boiler C,26.46555306,0
04-01-2023 17:54,Boiler B,26.24884679,0
22-01-2023 20:32,Boiler C,29.75136453,0
20-01-2023 23:57,Boiler D,19.79177825,0
28-01-2023 08:17,Boiler C,23.96226262,0
30-01-2023 19:40,Boiler C,28.00472152,0
07-01-2023 23:03,Boiler A,24.03823856,0
18-01-2023 12:33,Boiler B,23.00964393,0
03-01-2023 18:22,Boiler D,21.15583935,0
03-01-2023 22:46,Boiler C,25.34545682,0
20-01-2023 10:42,Boiler C,32.17672945,0
01-01-2023 14:52,Boiler A,23.06625258,0
24-01-2023 16:04,Boiler D,32.99260437,0
12-01-2023 14:42,Boiler D,26.98259064,0
13-01-2023 13:01,Boiler A,28.16291594,0
13-01-2023 12:16,Boiler A,17.02117598,0
20-01-2023 21:24,Boiler C,26.88146002,0
27-01-2023 20:03,Boiler B,35.51187158,0
09-01-2023 14:10,Boiler D,11.66822473,0
11-01-2023 19:36,Boiler C,38.78459678,0
14-01-2023 07:08,Boiler A,24.31101883,0
19-01-2023 03:45,Boiler A,23.80439951,0
22-01-2023 21:10,Boiler B,10.34919733,0
20-01-2023 03:40,Boiler C,23.9228024,0
08-01-2023 19:40,Boiler D,19.62354777,0
11-01-2023 11:45,Boiler B,29.19097297,0
07-01-2023 21:21,Boiler A,24.51176423,0
23-01-2023 07:05,Boiler D,30.90069654,0
08-01-2023 17:43,Boiler A,25.99661465,0
08-01-2023 03:48,Boiler B,27.18880848,0
09-01-2023 04:58,Boiler C,20.7880198,0
28-01-2023 05:10,Boiler C,24.98724701,0
26-01-2023 06:19,Boiler B,25.24941747,0
10-01-2023 07:11,Boiler D,13.2212356,0
14-01-2023 06:39,Boiler D,22.6313269,0
08-01-2023 00:55,Boiler D,21.39230804,0
02-01-2023 03:19,Boiler D,23.17827383,0
03-01-2023 13:05,Boiler C,20.65314978,0
21-01-2023 08:18,Boiler C,34.11011204,0
22-01-2023 17:34,Boiler D,28.55345462,0
08-01-2023 13:04,Boiler B,19.93328461,0
21-01-2023 15:19,Boiler B,15.94946896,0
23-01-2023 11:24,Boiler B,27.65435649,0
02-01-2023 00:04,Boiler B,32.71057432,0
12-01-2023 20:17,Boiler D,22.91192264,0
06-01-2023 13:21,Boiler C,27.35809777,0
26-01-2023 23:07,Boiler A,34.08133805,0
12-01-2023 05:03,Boiler A,26.32872553,0
21-01-2023 10:01,Boiler A,23.21114547,0
07-01-2023 11:14,Boiler D,22.05201589,0
14-01-2023 21:52,Boiler D,22.75616054,0
24-01-2023 15:28,Boiler A,24.55436504,0
08-01-2023 00:03,Boiler D,25.23366862,0
06-01-2023 02:40,Boiler C,27.89940639,0
13-01-2023 00:09,Boiler D,19.12206197,0
28-01-2023 18:29,Boiler D,27.36688436,0
02-01-2023 12:41,Boiler A,21.17333888,0
30-01-2023 11:08,Boiler B,17.36747499,0
22-01-2023 05:53,Boiler D,19.70366464,0
10-01-2023 10:45,Boiler A,33.14274921,0
27-01-2023 03:32,Boiler B,66.0322106,1
06-01-2023 08:35,Boiler A,25.94770184,0
05-01-2023 13:40,Boiler D,21.72824742,0
11-01-2023 06:00,Boiler B,16.27122587,0
24-01-2023 02:28,Boiler B,30.58644905,0
07-01-2023 03:10,Boiler C,26.91829215,0
21-01-2023 19:43,Boiler C,25.2466863,0
03-01-2023 14:03,Boiler B,21.31041795,0
13-01-2023 08:55,Boiler D,32.57950881,0
16-01-2023 09:13,Boiler B,33.15516761,0
03-01-2023 08:35,Boiler D,24.75216324,0
12-01-2023 14:46,Boiler D,29.37791999,0
16-01-2023 05:24,Boiler A,24.43408295,0
17-01-2023 00:30,Boiler C,23.96012894,0
15-01-2023 22:30,Boiler A,31.70043837,0
25-01-2023 17:12,Boiler D,24.18054721,0
15-01-2023 22:25,Boiler C,20.10053505,0
18-01-2023 18:58,Boiler D,24.4675022,0
05-01-2023 13:38,Boiler A,19.83757937,0
01-01-2023 11:04,Boiler C,24.44888472,0
11-01-2023 17:01,Boiler B,25.09668228,0
21-01-2023 08:45,Boiler A,18.39073514,0
21-01-2023 08:31,Boiler C,27.2209961,0
03-01-2023 19:50,Boiler A,21.73717605,0
09-01-2023 17:52,Boiler B,27.14937685,0
25-01-2023 14:50,Boiler C,22.3024904,0
03-01-2023 02:20,Boiler C,22.84057846,0
11-01-2023 20:31,Boiler C,21.05164281,0
10-01-2023 09:57,Boiler A,20.40739248,0
22-01-2023 01:32,Boiler C,27.1334806,0
17-01-2023 05:36,Boiler A,26.46303949,0
28-01-2023 21:28,Boiler D,25.54650957,0
17-01-2023 04:15,Boiler B,18.90293137,0
02-01-2023 03:09,Boiler C,25.69485215,0
13-01-2023 22:10,Boiler A,27.4249623,0
05-01-2023 09:37,Boiler A,24.31186859,0
18-01-2023 08:28,Boiler C,25.79411987,0
01-01-2023 04:59,Boiler B,15.77757367,0
20-01-2023 15:45,Boiler A,25.01362885,0
26-01-2023 18:32,Boiler B,22.24553463,0
27-01-2023 06:07,Boiler B,35.51248173,0
10-01-2023 16:03,Boiler C,14.25302108,0
06-01-2023 13:31,Boiler D,18.31163484,0
20-01-2023 10:38,Boiler C,25.99393817,0
23-01-2023 06:59,Boiler A,17.72911276,0
05-01-2023 13:49,Boiler D,12.92510976,0
26-01-2023 19:03,Boiler B,28.12704081,0
22-01-2023 04:52,Boiler B,25.64475938,0
10-01-2023 07:23,Boiler A,26.69753068,0
01-01-2023 07:10,Boiler C,25.94790797,0
03-01-2023 23:09,Boiler C,26.99602558,0
09-01-2023 20:22,Boiler D,19.82042052,0
22-01-2023 08:21,Boiler B,19.64864507,0
18-01-2023 11:11,Boiler D,17.8224082,0
28-01-2023 05:52,Boiler B,30.83055725,0
30-01-2023 07:53,Boiler D,28.60613335,0
08-01-2023 12:38,Boiler C,28.52004661,0
30-01-2023 16:19,Boiler D,27.27139267,0
06-01-2023 19:39,Boiler C,22.14871153,0
08-01-2023 01:04,Boiler D,27.00977688,0
29-01-2023 13:10,Boiler B,25.20318676,0
11-01-2023 06:45,Boiler D,23.51135558,0
06-01-2023 04:50,Boiler A,18.86485329,0
29-01-2023 22:09,Boiler D,34.18535348,0
11-01-2023 14:18,Boiler D,25.8721535,0
22-01-2023 01:24,Boiler B,24.60030073,0
04-01-2023 16:03,Boiler A,28.67421945,0
22-01-2023 18:50,Boiler C,46.19276382,1
09-01-2023 00:49,Boiler C,19.80031656,0
29-01-2023 02:15,Boiler D,22.72420832,0
12-01-2023 01:01,Boiler C,22.68714601,0
19-01-2023 03:40,Boiler C,27.0036091,0
05-01-2023 11:19,Boiler C,31.69344478,0
25-01-2023 10:34,Boiler A,23.51282303,0
12-01-2023 19:41,Boiler C,31.40775524,0
15-01-2023 00:44,Boiler B,22.67808659,0
18-01-2023 02:53,Boiler C,25.40607862,0
02-01-2023 16:59,Boiler C,20.88390367,0
29-01-2023 02:54,Boiler C,30.13337739,0
01-01-2023 17:54,Boiler B,30.08405722,0
26-01-2023 20:16,Boiler C,26.22480911,0
25-01-2023 17:38,Boiler A,22.18287842,0
16-01-2023 01:53,Boiler A,16.10928048,0
27-01-2023 22:27,Boiler D,24.84122989,0
05-01-2023 17:28,Boiler D,18.47973227,0
26-01-2023 09:12,Boiler C,19.11698401,0
16-01-2023 07:42,Boiler D,21.01395419,0
11-01-2023 06:11,Boiler D,33.04119773,0
24-01-2023 07:41,Boiler A,31.93222245,0
30-01-2023 16:53,Boiler C,19.19201337,0
23-01-2023 17:00,Boiler A,17.46938272,0
23-01-2023 08:12,Boiler B,30.00596071,0
16-01-2023 14:22,Boiler B,21.89363754,0
22-01-2023 18:33,Boiler C,19.52076375,0
05-01-2023 05:58,Boiler D,24.99685035,0
27-01-2023 12:38,Boiler B,22.59004131,0
02-01-2023 22:33,Boiler B,20.27202608,0
15-01-2023 16:01,Boiler C,21.24008494,0
17-01-2023 04:13,Boiler C,24.66551178,0
15-01-2023 07:32,Boiler A,24.67642485,0
22-01-2023 15:54,Boiler C,33.25367707,0
29-01-2023 02:46,Boiler D,32.01085323,0
21-01-2023 21:32,Boiler A,28.09132284,0
07-01-2023 04:01,Boiler B,26.26400796,0
18-01-2023 14:11,Boiler A,25.7527363,0
14-01-2023 08:36,Boiler A,20.17968739,0
02-01-2023 18:29,Boiler B,21.95677437,0
18-01-2023 20:45,Boiler A,19.69966594,0
14-01-2023 04:03,Boiler C,32.33179746,0
24-01-2023 05:36,Boiler B,22.95918456,0
25-01-2023 09:13,Boiler B,38.17790291,0
25-01-2023 01:39,Boiler D,23.91540157,0
26-01-2023 21:54,Boiler C,30.46038871,0
18-01-2023 06:37,Boiler A,30.82812438,0
05-01-2023 15:25,Boiler D,21.3077334,0
26-01-2023 20:01,Boiler C,19.21449502,0
04-01-2023 09:12,Boiler B,29.79667805,0
12-01-2023 09:30,Boiler B,28.03122997,0
04-01-2023 11:02,Boiler A,25.36912215,0
02-01-2023 11:09,Boiler B,28.29398612,0
22-01-2023 10:21,Boiler D,25.22598995,0
08-01-2023 18:22,Boiler D,26.60481425,0
02-01-2023 12:35,Boiler A,28.44573401,0
15-01-2023 20:37,Boiler B,30.76149222,0
25-01-2023 20:30,Boiler C,14.57759977,0
03-01-2023 01:47,Boiler C,22.08408542,0
28-01-2023 11:06,Boiler C,20.66703069,0
08-01-2023 19:09,Boiler C,22.12019808,0
30-01-2023 00:24,Boiler B,26.08480062,0
16-01-2023 08:49,Boiler C,24.34394776,0
28-01-2023 17:26,Boiler C,23.55081958,0
05-01-2023 23:59,Boiler D,27.22592368,0
03-01-2023 08:06,Boiler B,28.98594319,0
11-01-2023 06:06,Boiler B,29.62533958,0
17-01-2023 17:42,Boiler B,31.77543903,0
24-01-2023 15:04,Boiler C,30.63219608,0
14-01-2023 01:06,Boiler C,21.12249039,0
05-01-2023 20:03,Boiler A,26.14546778,0
24-01-2023 07:24,Boiler C,20.98872234,0
29-01-2023 12:43,Boiler B,29.62522131,0
17-01-2023 13:03,Boiler C,49.62358635,1
21-01-2023 06:07,Boiler D,21.94525794,0
10-01-2023 23:56,Boiler C,28.01555624,0
08-01-2023 19:26,Boiler B,19.75654098,0
22-01-2023 14:16,Boiler A,22.03922455,0
01-01-2023 19:43,Boiler A,35.08939605,0
15-01-2023 04:36,Boiler B,15.53726257,0
25-01-2023 10:56,Boiler D,26.8408687,0
02-01-2023 18:39,Boiler B,25.29708456,0
30-01-2023 04:17,Boiler D,18.84958755,0
20-01-2023 22:51,Boiler C,25.0770064,0
11-01-2023 02:04,Boiler C,29.02291903,0
23-01-2023 19:34,Boiler B,26.34066389,0
08-01-2023 14:20,Boiler A,28.85241136,0
25-01-2023 03:36,Boiler A,24.10410842,0
02-01-2023 16:34,Boiler D,13.09523069,0
06-01-2023 19:13,Boiler B,27.67769283,0
21-01-2023 04:33,Boiler C,22.71261657,0
15-01-2023 08:53,Boiler B,23.26425423,0
08-01-2023 14:15,Boiler C,17.899762,0
26-01-2023 12:20,Boiler C,27.58877923,0
28-01-2023 20:03,Boiler C,22.91642067,0
05-01-2023 21:25,Boiler A,31.00107239,0
06-01-2023 09:23,Boiler D,30.35354453,0
11-01-2023 12:06,Boiler B,27.63286392,0
29-01-2023 19:31,Boiler D,22.32394462,0
10-01-2023 13:26,Boiler C,17.0434469,0
21-01-2023 00:51,Boiler C,20.05096451,0
25-01-2023 23:54,Boiler A,15.41218341,0
30-01-2023 22:32,Boiler C,27.4759069,0
09-01-2023 14:33,Boiler C,30.52687135,0
24-01-2023 01:42,Boiler D,21.457699,0
29-01-2023 17:43,Boiler D,18.98406522,0
25-01-2023 03:23,Boiler A,31.19283438,0
26-01-2023 11:08,Boiler B,22.4210606,0
08-01-2023 18:01,Boiler A,29.57680995,0
20-01-2023 22:33,Boiler D,24.12177072,0
26-01-2023 22:30,Boiler B,31.21382391,0
05-01-2023 11:03,Boiler A,19.48744025,0
03-01-2023 03:11,Boiler C,21.10610651,0
06-01-2023 05:14,Boiler B,37.61661553,0
06-01-2023 03:07,Boiler B,23.69246375,0
22-01-2023 15:55,Boiler C,25.56867209,0
24-01-2023 23:42,Boiler C,16.75581783,0
14-01-2023 13:24,Boiler D,23.08499986,0
24-01-2023 03:03,Boiler C,20.29789964,0
29-01-2023 00:05,Boiler A,29.01625,0
12-01-2023 13:54,Boiler D,14.39721818,0
26-01-2023 11:09,Boiler A,16.41248274,0
20-01-2023 16:23,Boiler A,46.76785293,1
11-01-2023 05:46,Boiler B,32.93294626,0
01-01-2023 10:23,Boiler A,23.27822539,0
03-01-2023 03:20,Boiler C,26.18195163,0
19-01-2023 06:06,Boiler C,19.50632996,0
26-01-2023 21:57,Boiler D,23.80245655,0
12-01-2023 17:56,Boiler B,34.17856462,0
18-01-2023 19:49,Boiler C,27.62393472,0
24-01-2023 04:26,Boiler D,4.135495584,0
14-01-2023 04:41,Boiler C,27.06216976,0
10-01-2023 23:38,Boiler D,24.5460733,0
28-01-2023 17:16,Boiler B,23.9304685,0
01-01-2023 19:53,Boiler D,18.5512448,0
16-01-2023 19:00,Boiler C,42.44766229,1
17-01-2023 09:38,Boiler B,19.8493996,0
11-01-2023 03:49,Boiler D,19.20864177,0
26-01-2023 12:10,Boiler C,30.71146967,0
07-01-2023 04:23,Boiler B,23.19659091,0
15-01-2023 00:24,Boiler A,22.88729361,0
14-01-2023 04:40,Boiler A,12.04740126,0
04-01-2023 16:14,Boiler A,20.71159033,0
30-01-2023 21:54,Boiler B,32.53539354,0
20-01-2023 07:32,Boiler B,22.63507238,0
21-01-2023 08:24,Boiler D,32.76923985,0
28-01-2023 08:02,Boiler A,24.58058609,0
21-01-2023 12:19,Boiler C,26.71629169,0
30-01-2023 04:48,Boiler B,23.23889147,0
18-01-2023 00:41,Boiler D,28.52042702,0
23-01-2023 17:06,Boiler B,21.96742491,0
01-01-2023 09:30,Boiler A,20.16334915,0
04-01-2023 14:51,Boiler C,18.27124562,0
07-01-2023 20:45,Boiler C,25.33113566,0
20-01-2023 14:41,Boiler A,20.0239643,0
28-01-2023 10:38,Boiler B,23.67583711,0
12-01-2023 06:53,Boiler C,28.04346173,0
08-01-2023 06:45,Boiler A,76.96340701,1
25-01-2023 14:10,Boiler D,27.3585803,0
16-01-2023 02:56,Boiler B,28.37053034,0
02-01-2023 15:32,Boiler A,24.05242416,0
12-01-2023 12:40,Boiler D,27.11056856,0
04-01-2023 12:02,Boiler C,31.96457441,0
10-01-2023 14:36,Boiler D,31.39370971,0
15-01-2023 20:08,Boiler D,22.88894399,0
28-01-2023 01:49,Boiler A,30.19303463,0
16-01-2023 13:21,Boiler B,20.71003428,0
15-01-2023 00:39,Boiler B,28.54812036,0
08-01-2023 17:29,Boiler D,25.24000423,0
29-01-2023 22:53,Boiler D,27.45306585,0
03-01-2023 22:06,Boiler D,26.55909144,0
02-01-2023 21:19,Boiler B,21.62029364,0
01-01-2023 09:56,Boiler B,24.16636412,0
15-01-2023 04:30,Boiler C,29.8252993,0
03-01-2023 22:43,Boiler D,29.81204058,0
23-01-2023 04:57,Boiler B,15.57276261,0
28-01-2023 08:30,Boiler A,25.77374495,0
30-01-2023 02:51,Boiler C,31.34577477,0
03-01-2023 18:34,Boiler D,18.12786191,0
27-01-2023 05:15,Boiler B,22.54178555,0
30-01-2023 02:34,Boiler C,31.03251996,0
27-01-2023 21:28,Boiler A,20.75198384,0
14-01-2023 11:58,Boiler C,20.79314702,0
23-01-2023 16:44,Boiler B,23.08387881,0
20-01-2023 19:23,Boiler C,26.37065206,0
13-01-2023 22:28,Boiler D,23.87202698,0
14-01-2023 09:24,Boiler A,28.26086803,0
13-01-2023 19:08,Boiler B,34.45812328,0
06-01-2023 17:39,Boiler B,28.63107037,0
19-01-2023 17:39,Boiler A,21.84551436,0
16-01-2023 00:50,Boiler A,22.6501128,0
27-01-2023 10:05,Boiler D,31.59333725,0
18-01-2023 16:39,Boiler C,22.74693108,0
13-01-2023 03:31,Boiler A,25.78213392,0
18-01-2023 05:46,Boiler C,24.95322686,0
11-01-2023 14:18,Boiler B,35.82776806,0
21-01-2023 02:16,Boiler D,14.03898571,0
08-01-2023 22:21,Boiler C,27.92327091,0
15-01-2023 08:50,Boiler D,16.74901249,0
29-01-2023 00:35,Boiler C,21.30127476,0
07-01-2023 22:59,Boiler B,25.07358673,0
01-01-2023 11:37,Boiler D,27.45254184,0
02-01-2023 00:29,Boiler D,24.26177383,0
14-01-2023 01:27,Boiler A,23.34841222,0
26-01-2023 21:19,Boiler D,27.8822914,0
09-01-2023 23:49,Boiler C,32.45386892,0
06-01-2023 03:55,Boiler D,32.01289257,0
23-01-2023 07:14,Boiler C,24.52638986,0
13-01-2023 07:53,Boiler D,28.76131499,0
06-01-2023 10:53,Boiler C,31.88570606,0
03-01-2023 05:41,Boiler A,16.01467318,0
14-01-2023 18:17,Boiler A,34.05939188,0
06-01-2023 06:08,Boiler C,10.46695231,0
11-01-2023 02:07,Boiler C,30.12698466,0
17-01-2023 00:04,Boiler C,22.30528132,0
14-01-2023 07:06,Boiler C,32.462581,0
29-01-2023 18:57,Boiler C,25.46938651,0
14-01-2023 23:16,Boiler C,35.6503395,0
13-01-2023 05:40,Boiler D,25.93854337,0
13-01-2023 12:59,Boiler B,33.20857144,0
19-01-2023 09:26,Boiler B,24.96815206,0
16-01-2023 22:55,Boiler A,26.15410112,0
29-01-2023 03:51,Boiler B,26.36479215,0
05-01-2023 17:31,Boiler C,28.6068232,0
19-01-2023 04:37,Boiler A,29.23736113,0
25-01-2023 16:48,Boiler A,30.93808715,0
30-01-2023 08:19,Boiler D,24.01570019,0
09-01-2023 10:56,Boiler D,30.54106277,0
30-01-2023 23:14,Boiler C,26.9308767,0
08-01-2023 12:32,Boiler B,21.56039171,0
24-01-2023 02:25,Boiler C,26.38119343,0
20-01-2023 06:55,Boiler B,26.02927304,0
06-01-2023 11:27,Boiler D,23.25444066,0
02-01-2023 07:35,Boiler C,25.33614823,0
06-01-2023 15:50,Boiler A,30.58773639,0
05-01-2023 05:31,Boiler D,26.11503461,0
11-01-2023 04:42,Boiler B,27.61265924,0
05-01-2023 10:58,Boiler B,34.80201405,0
30-01-2023 02:43,Boiler A,25.71235046,0
03-01-2023 02:07,Boiler C,22.65365079,0
11-01-2023 10:05,Boiler D,33.16259201,0
10-01-2023 10:10,Boiler A,29.82995244,0
10-01-2023 07:19,Boiler C,19.39493445,0
15-01-2023 04:53,Boiler C,13.20653786,0
02-01-2023 11:43,Boiler B,35.17219869,0
30-01-2023 22:07,Boiler A,29.77910803,0
28-01-2023 11:49,Boiler D,24.56688508,0
21-01-2023 05:31,Boiler C,27.39877163,0
11-01-2023 04:35,Boiler A,15.23308576,0
04-01-2023 12:26,Boiler D,39.10090514,0
25-01-2023 03:05,Boiler B,19.58150266,0
03-01-2023 19:14,Boiler D,26.47402727,0
01-01-2023 12:47,Boiler B,29.64074816,0
10-01-2023 01:17,Boiler B,27.37412482,0
14-01-2023 20:05,Boiler D,25.62358104,0
03-01-2023 06:23,Boiler D,31.45204877,0
13-01-2023 06:09,Boiler D,27.72995077,0
28-01-2023 01:12,Boiler B,15.51698775,0
30-01-2023 22:45,Boiler D,25.66111801,0
27-01-2023 00:09,Boiler D,23.10146294,0
15-01-2023 14:46,Boiler C,19.1319544,0
18-01-2023 00:55,Boiler A,82.46014839,1
13-01-2023 16:33,Boiler C,15.81592191,0
05-01-2023 18:58,Boiler D,28.0325773,0
15-01-2023 03:01,Boiler D,20.96964098,0
27-01-2023 22:38,Boiler D,18.19759558,0
03-01-2023 23:38,Boiler B,23.2913211,0
02-01-2023 23:35,Boiler B,15.28793675,0
28-01-2023 19:09,Boiler C,18.58202156,0
05-01-2023 08:12,Boiler A,21.25487701,0
12-01-2023 00:29,Boiler A,22.2676541,0
29-01-2023 04:28,Boiler C,19.29084429,0
17-01-2023 21:12,Boiler B,27.37067613,0
27-01-2023 08:41,Boiler D,28.19499919,0
06-01-2023 21:42,Boiler A,28.64074396,0
12-01-2023 14:54,Boiler A,27.27583434,0
01-01-2023 16:55,Boiler C,18.51727739,0
06-01-2023 17:56,Boiler A,34.43241047,0
08-01-2023 01:39,Boiler D,26.50460962,0
01-01-2023 05:24,Boiler D,27.62749987,0
01-01-2023 10:36,Boiler A,32.51013509,0
15-01-2023 07:19,Boiler D,26.5846719,0
18-01-2023 00:35,Boiler C,29.744506,0
05-01-2023 09:41,Boiler B,33.2026849,0
18-01-2023 04:58,Boiler C,14.41134937,0
12-01-2023 17:35,Boiler D,34.94407322,0
30-01-2023 02:50,Boiler A,25.40710786,0
02-01-2023 22:41,Boiler C,19.64711442,0
21-01-2023 23:51,Boiler A,15.1069529,0
09-01-2023 19:20,Boiler B,26.63149658,0
08-01-2023 07:04,Boiler A,23.33321563,0
13-01-2023 17:07,Boiler B,26.41070501,0
28-01-2023 14:28,Boiler D,17.38574783,0
19-01-2023 11:51,Boiler D,29.83067348,0
17-01-2023 07:05,Boiler B,23.18001525,0
02-01-2023 02:56,Boiler D,24.26374905,0
01-01-2023 13:43,Boiler C,26.5131799,0
20-01-2023 17:48,Boiler B,27.51691418,0
05-01-2023 14:14,Boiler C,27.87361546,0
30-01-2023 06:55,Boiler D,28.69958954,0
14-01-2023 15:25,Boiler C,26.58512629,0
04-01-2023 20:11,Boiler C,28.46871499,0
03-01-2023 02:38,Boiler A,21.86664098,0
03-01-2023 04:50,Boiler D,25.01660819,0
08-01-2023 07:13,Boiler C,23.40089392,0
02-01-2023 06:47,Boiler D,19.82349857,0
25-01-2023 14:02,Boiler B,13.51289945,0
06-01-2023 04:51,Boiler C,22.97608235,0
27-01-2023 02:47,Boiler A,18.08734877,0
22-01-2023 01:19,Boiler C,21.81604566,0
13-01-2023 10:08,Boiler C,29.85121583,0
01-01-2023 17:34,Boiler B,26.55165108,0
01-01-2023 08:58,Boiler C,22.2961209,0
08-01-2023 06:39,Boiler C,17.56197993,0
11-01-2023 15:22,Boiler A,25.43880766,0
27-01-2023 02:12,Boiler C,19.28909064,0
26-01-2023 00:50,Boiler D,19.18350146,0
04-01-2023 08:25,Boiler B,23.13132016,0
16-01-2023 11:03,Boiler C,28.53586789,0
27-01-2023 04:07,Boiler B,33.95775394,0
09-01-2023 22:06,Boiler B,24.40723843,0
10-01-2023 17:13,Boiler A,32.03094359,0
08-01-2023 14:48,Boiler D,23.80743239,0
25-01-2023 05:45,Boiler C,16.97313128,0
04-01-2023 19:55,Boiler B,27.0383417,0
18-01-2023 11:15,Boiler C,30.75977148,0
17-01-2023 12:44,Boiler D,15.48841156,0
18-01-2023 22:26,Boiler C,23.91972489,0
08-01-2023 01:44,Boiler B,21.54292808,0
28-01-2023 03:04,Boiler C,24.87161281,0
13-01-2023 22:08,Boiler D,23.83162631,0
20-01-2023 01:02,Boiler B,15.12879921,0
21-01-2023 14:07,Boiler B,24.54681089,0
13-01-2023 14:46,Boiler D,27.95265939,0
28-01-2023 11:13,Boiler D,23.91983388,0
24-01-2023 18:04,Boiler C,21.59608073,0
15-01-2023 23:22,Boiler B,22.62613989,0
26-01-2023 09:00,Boiler D,22.98827099,0
04-01-2023 17:36,Boiler A,27.27707144,0
07-01-2023 16:58,Boiler D,43.48520892,1
10-01-2023 19:16,Boiler C,24.71221975,0
04-01-2023 16:32,Boiler C,16.7839863,0
26-01-2023 05:26,Boiler B,23.47786197,0
19-01-2023 04:55,Boiler B,24.40374112,0
03-01-2023 21:20,Boiler B,22.21083187,0
11-01-2023 13:14,Boiler C,21.18034379,0
05-01-2023 19:28,Boiler A,23.25426122,0
08-01-2023 19:47,Boiler C,19.42491333,0
17-01-2023 21:08,Boiler D,23.22958902,0
29-01-2023 23:21,Boiler D,73.41268709,1
24-01-2023 04:19,Boiler D,22.87069015,0
08-01-2023 04:38,Boiler D,26.2619231,0
30-01-2023 19:03,Boiler A,31.38755993,0
27-01-2023 22:03,Boiler C,21.85666339,0
24-01-2023 00:55,Boiler A,29.77775479,0
11-01-2023 23:01,Boiler D,25.7949022,0
29-01-2023 16:37,Boiler D,23.42247254,0
30-01-2023 08:30,Boiler C,11.04605452,0
04-01-2023 16:06,Boiler C,20.96564786,0
07-01-2023 15:12,Boiler A,25.74948825,0
16-01-2023 10:16,Boiler D,24.04406145,0
11-01-2023 00:42,Boiler B,18.78532836,0
05-01-2023 14:23,Boiler B,27.90841779,0
21-01-2023 12:47,Boiler C,22.77469509,0
06-01-2023 22:21,Boiler C,34.55521932,0
01-01-2023 11:45,Boiler D,28.01298458,0
09-01-2023 16:04,Boiler A,18.3831518,0
12-01-2023 03:22,Boiler B,36.57789175,0
03-01-2023 13:31,Boiler C,16.12071734,0
20-01-2023 01:59,Boiler D,23.06117636,0
26-01-2023 23:43,Boiler C,33.06709387,0
17-01-2023 08:59,Boiler D,23.76505048,0
01-01-2023 16:56,Boiler D,30.86116546,0
24-01-2023 04:45,Boiler A,24.75471196,0
27-01-2023 01:47,Boiler C,23.94501877,0
06-01-2023 23:45,Boiler A,17.08486626,0
10-01-2023 16:13,Boiler D,29.41522733,0
07-01-2023 06:07,Boiler A,15.14444445,0
18-01-2023 03:08,Boiler A,26.48927924,0
10-01-2023 13:09,Boiler D,25.29387515,0
10-01-2023 11:49,Boiler D,23.35961012,0
14-01-2023 21:00,Boiler A,36.63390904,0
03-01-2023 13:43,Boiler D,19.08530395,0
14-01-2023 17:05,Boiler C,22.94262642,0
03-01-2023 09:21,Boiler A,27.43505746,0
30-01-2023 16:59,Boiler B,15.72319712,0
25-01-2023 22:11,Boiler B,28.78021825,0
22-01-2023 23:34,Boiler C,22.03646297,0
22-01-2023 03:58,Boiler A,41.59264713,1
30-01-2023 17:36,Boiler C,41.13634656,1
10-01-2023 02:38,Boiler B,23.67420268,0
17-01-2023 00:01,Boiler B,33.94410364,0
10-01-2023 10:55,Boiler C,25.48843324,0
27-01-2023 20:36,Boiler A,22.63888753,0
05-01-2023 04:21,Boiler C,41.50140925,1
07-01-2023 06:24,Boiler A,28.22726791,0
05-01-2023 08:35,Boiler B,31.52263506,0
23-01-2023 10:41,Boiler B,30.5874682,0
08-01-2023 16:39,Boiler C,25.99671138,0
07-01-2023 12:21,Boiler D,27.05857233,0
11-01-2023 21:39,Boiler B,20.01270502,0
21-01-2023 01:52,Boiler D,26.17864895,0
11-01-2023 14:33,Boiler A,35.44284655,0
14-01-2023 21:13,Boiler A,32.67342249,0
25-01-2023 16:24,Boiler B,25.63725852,0
16-01-2023 13:28,Boiler C,28.55861399,0
26-01-2023 13:52,Boiler A,23.68708341,0
21-01-2023 15:03,Boiler B,25.76868699,0
09-01-2023 02:27,Boiler A,24.33501893,0
08-01-2023 04:13,Boiler B,16.3900749,0
13-01-2023 13:38,Boiler A,30.02543934,0
12-01-2023 10:38,Boiler B,26.27746519,0
04-01-2023 15:07,Boiler B,16.79146592,0
21-01-2023 06:17,Boiler D,22.52801158,0
03-01-2023 08:19,Boiler D,36.42466815,0
28-01-2023 00:43,Boiler A,25.70482287,0
21-01-2023 08:49,Boiler D,28.7440717,0
08-01-2023 23:33,Boiler B,26.22903277,0
19-01-2023 03:43,Boiler D,21.14574701,0
23-01-2023 09:49,Boiler D,24.3889937,0
24-01-2023 11:13,Boiler A,23.51863533,0
24-01-2023 05:06,Boiler A,25.74922692,0
14-01-2023 14:25,Boiler D,31.28971212,0
19-01-2023 20:35,Boiler B,23.61161824,0
12-01-2023 04:55,Boiler C,17.93972281,0
30-01-2023 00:29,Boiler B,22.19872887,0
28-01-2023 13:37,Boiler B,28.67378515,0
04-01-2023 06:58,Boiler A,27.68670352,0
18-01-2023 04:02,Boiler A,24.12558464,0
13-01-2023 12:52,Boiler B,20.70822124,0
20-01-2023 18:36,Boiler B,29.27181647,0
16-01-2023 16:34,Boiler D,22.5096174,0
12-01-2023 19:57,Boiler D,28.25344538,0
16-01-2023 23:55,Boiler B,23.9083464,0
13-01-2023 21:46,Boiler D,28.48966749,0
27-01-2023 19:08,Boiler C,22.84278348,0
06-01-2023 15:09,Boiler A,19.92270134,0
14-01-2023 14:22,Boiler C,31.33535429,0
25-01-2023 17:51,Boiler A,29.00162635,0
05-01-2023 19:51,Boiler A,34.22822454,0
13-01-2023 03:18,Boiler C,22.08455507,0
26-01-2023 05:39,Boiler C,24.91300513,0
11-01-2023 09:42,Boiler A,29.0577763,0
01-01-2023 22:55,Boiler D,40.10736182,1
29-01-2023 17:04,Boiler C,25.99970572,0
18-01-2023 05:05,Boiler D,21.76968982,0
22-01-2023 19:22,Boiler C,28.33761822,0
06-01-2023 22:00,Boiler B,22.29606113,0
04-01-2023 22:23,Boiler C,16.82595549,0
21-01-2023 20:26,Boiler C,18.87368955,0
11-01-2023 16:29,Boiler A,19.56453861,0
27-01-2023 19:40,Boiler D,29.20405979,0
16-01-2023 10:11,Boiler A,31.6000186,0
26-01-2023 01:27,Boiler C,29.47207316,0
28-01-2023 22:24,Boiler A,26.78042142,0
04-01-2023 00:22,Boiler C,27.57929852,0
20-01-2023 05:11,Boiler D,24.98900209,0
14-01-2023 00:13,Boiler A,26.38461967,0
06-01-2023 05:32,Boiler C,31.32638547,0
09-01-2023 23:10,Boiler A,27.56744193,0
18-01-2023 00:58,Boiler D,23.0082286,0
12-01-2023 06:32,Boiler B,16.80554701,0
06-01-2023 17:43,Boiler D,25.12633042,0
30-01-2023 16:28,Boiler C,26.00565606,0
09-01-2023 13:32,Boiler B,19.52691296,0
18-01-2023 06:44,Boiler C,21.71231416,0
23-01-2023 06:27,Boiler C,33.8989325,0
04-01-2023 07:09,Boiler D,16.78019943,0
02-01-2023 13:46,Boiler B,25.40041534,0
13-01-2023 04:39,Boiler C,27.98705405,0
10-01-2023 16:38,Boiler A,27.14867424,0
11-01-2023 04:41,Boiler C,27.13816772,0
30-01-2023 11:31,Boiler D,26.53176007,0
30-01-2023 16:45,Boiler B,35.84485753,0
14-01-2023 15:05,Boiler D,27.01102501,0
19-01-2023 20:35,Boiler B,29.41487633,0
28-01-2023 15:28,Boiler B,23.50350438,0
30-01-2023 06:41,Boiler C,37.45082965,0
07-01-2023 15:17,Boiler D,31.6158398,0
16-01-2023 04:05,Boiler C,30.61672388,0
06-01-2023 15:43,Boiler D,77.17704009,1
07-01-2023 13:51,Boiler B,26.11602301,0
25-01-2023 18:49,Boiler A,27.95671825,0
10-01-2023 00:33,Boiler A,27.26124361,0
03-01-2023 06:09,Boiler C,20.20859,0
25-01-2023 18:05,Boiler C,23.65257037,0
02-01-2023 10:32,Boiler D,23.13802622,0
30-01-2023 00:30,Boiler D,17.93461497,0
10-01-2023 01:00,Boiler C,26.85330671,0
19-01-2023 19:58,Boiler D,34.22580345,0
19-01-2023 10:04,Boiler B,18.70219894,0
10-01-2023 17:25,Boiler D,23.50415515,0
01-01-2023 15:09,Boiler D,26.51625532,0
24-01-2023 19:50,Boiler C,20.19285073,0
09-01-2023 23:15,Boiler C,27.32193627,0
07-01-2023 18:54,Boiler C,25.05703244,0
06-01-2023 02:16,Boiler A,13.75919842,0
05-01-2023 18:32,Boiler B,22.71898015,0
30-01-2023 01:08,Boiler D,29.68856095,0
17-01-2023 08:50,Boiler B,24.92226087,0
29-01-2023 02:03,Boiler D,33.72191599,0
03-01-2023 15:21,Boiler C,15.72381145,0
21-01-2023 23:57,Boiler C,22.10093193,0
15-01-2023 08:05,Boiler B,25.12063768,0
24-01-2023 13:46,Boiler D,26.846954,0
13-01-2023 09:50,Boiler A,18.97040702,0
08-01-2023 09:38,Boiler D,60.4100445,1
16-01-2023 12:10,Boiler D,23.82018892,0
15-01-2023 01:38,Boiler A,22.41706774,0
11-01-2023 03:40,Boiler B,21.39856545,0
19-01-2023 10:57,Boiler C,25.96957245,0
04-01-2023 11:25,Boiler C,26.0905329,0
05-01-2023 17:00,Boiler B,25.53349347,0
02-01-2023 19:34,Boiler A,26.58383411,0
29-01-2023 01:02,Boiler B,24.64796134,0
20-01-2023 17:45,Boiler A,23.40746631,0
18-01-2023 00:27,Boiler A,27.87613826,0
11-01-2023 19:39,Boiler B,19.94661614,0
15-01-2023 18:30,Boiler C,27.25363895,0
28-01-2023 15:37,Boiler C,20.5729831,0
06-01-2023 15:39,Boiler C,20.784262,0
22-01-2023 12:29,Boiler B,20.34023227,0
22-01-2023 16:52,Boiler B,26.14179425,0
02-01-2023 12:35,Boiler D,18.86039859,0
22-01-2023 05:25,Boiler A,28.24970109,0
09-01-2023 15:32,Boiler D,26.89139825,0
29-01-2023 01:09,Boiler A,21.65828153,0
27-01-2023 23:36,Boiler A,29.57326882,0
25-01-2023 00:04,Boiler C,38.30392967,0
15-01-2023 20:06,Boiler A,24.93575436,0
30-01-2023 08:01,Boiler C,19.49679457,0
17-01-2023 14:23,Boiler D,56.97548363,1
27-01-2023 17:27,Boiler A,26.03367972,0
11-01-2023 18:55,Boiler C,27.38471548,0
01-01-2023 12:01,Boiler C,26.3557477,0
11-01-2023 05:41,Boiler A,11.5506436,0
20-01-2023 00:04,Boiler B,29.8720441,0
19-01-2023 19:20,Boiler D,18.00093437,0
11-01-2023 02:29,Boiler B,25.77878748,0
11-01-2023 07:47,Boiler C,24.7429314,0
04-01-2023 13:40,Boiler C,27.55539164,0
04-01-2023 16:06,Boiler A,29.1732047,0
14-01-2023 08:52,Boiler C,18.22033306,0
14-01-2023 08:43,Boiler B,17.34676893,0
11-01-2023 09:47,Boiler A,30.45644191,0
20-01-2023 15:27,Boiler D,28.36786626,0
18-01-2023 18:44,Boiler C,30.18917809,0
07-01-2023 11:36,Boiler C,14.39253946,0
18-01-2023 03:18,Boiler C,18.984422,0
29-01-2023 04:53,Boiler A,16.61346897,0
27-01-2023 12:41,Boiler C,24.07540419,0
22-01-2023 11:45,Boiler C,22.9006073,0
07-01-2023 08:26,Boiler A,21.84858886,0
12-01-2023 04:45,Boiler C,20.44396765,0
22-01-2023 08:00,Boiler D,23.23872084,0
12-01-2023 06:09,Boiler C,25.09293426,0
05-01-2023 23:15,Boiler B,22.28160219,0
16-01-2023 13:01,Boiler A,22.43893065,0
09-01-2023 14:13,Boiler B,25.61094481,0
16-01-2023 17:31,Boiler D,26.7997417,0
14-01-2023 04:53,Boiler B,22.5909566,0
01-01-2023 03:25,Boiler A,27.10454675,0
06-01-2023 19:36,Boiler A,17.75507283,0
30-01-2023 09:50,Boiler B,31.71847372,0
30-01-2023 12:31,Boiler C,20.69697216,0
29-01-2023 10:51,Boiler C,37.49308023,0
05-01-2023 21:47,Boiler D,24.86678238,0
02-01-2023 12:31,Boiler C,37.67865708,0
11-01-2023 07:20,Boiler A,16.79410455,0
01-01-2023 23:12,Boiler D,32.53497722,0
10-01-2023 02:19,Boiler A,18.77154882,0
21-01-2023 14:38,Boiler D,26.09950378,0
09-01-2023 11:25,Boiler A,23.19668145,0
23-01-2023 13:38,Boiler D,27.50717283,0
23-01-2023 14:09,Boiler C,28.32399136,0
20-01-2023 21:01,Boiler D,30.95186676,0
30-01-2023 03:13,Boiler A,24.29146252,0
11-01-2023 03:52,Boiler C,23.37406072,0
06-01-2023 04:26,Boiler D,23.54136483,0
09-01-2023 07:19,Boiler B,30.25944272,0
26-01-2023 16:27,Boiler C,28.93760372,0
12-01-2023 12:22,Boiler C,24.5322128,0
27-01-2023 02:22,Boiler B,28.3816845,0
08-01-2023 10:47,Boiler B,30.30116575,0
27-01-2023 09:49,Boiler D,32.26378414,0
22-01-2023 05:03,Boiler D,1.793126615,0
13-01-2023 18:29,Boiler A,22.74232941,0
12-01-2023 15:04,Boiler A,29.54384113,0
16-01-2023 08:26,Boiler D,24.94190213,0
29-01-2023 05:37,Boiler A,24.13474624,0
06-01-2023 06:09,Boiler C,27.77449286,0
07-01-2023 08:09,Boiler D,26.19085996,0
26-01-2023 01:26,Boiler D,18.89562041,0
20-01-2023 17:20,Boiler B,29.63247246,0
11-01-2023 21:27,Boiler D,26.87209066,0
07-01-2023 16:19,Boiler A,29.69181224,0
22-01-2023 19:04,Boiler B,33.83519291,0
20-01-2023 05:14,Boiler D,17.79420751,0
01-01-2023 22:43,Boiler D,21.62895366,0
11-01-2023 20:08,Boiler C,28.07025644,0
02-01-2023 10:43,Boiler C,29.38604025,0
13-01-2023 09:09,Boiler D,28.05498411,0
30-01-2023 19:03,Boiler B,18.31893437,0
18-01-2023 23:03,Boiler A,31.18491533,0
09-01-2023 05:24,Boiler C,21.35238966,0
30-01-2023 05:32,Boiler B,17.13283958,0
01-01-2023 20:10,Boiler D,16.34774279,0
21-01-2023 00:09,Boiler A,29.58888837,0
29-01-2023 15:49,Boiler D,74.27015745,1
09-01-2023 02:54,Boiler B,24.70384626,0
02-01-2023 13:28,Boiler C,18.22748529,0
11-01-2023 23:39,Boiler A,27.59644692,0
25-01-2023 01:22,Boiler B,19.18935946,0
02-01-2023 03:47,Boiler A,17.15715625,0
07-01-2023 09:21,Boiler B,23.13524082,0
01-01-2023 07:37,Boiler D,19.39865326,0
